finding_id,source_id,domain,subdomain,finding_text,evidence_year,publication_year,geography,population_or_system,evidence_type,evidence_status,confidence_level,actionability,key_caveat,page_reference,quotation_or_paraphrase
F001,DD006,Risk monitoring and hazard information,flood exposure and vulnerability,"Urban household data documents flood exposure, poverty, housing conditions, and coping capacity relevant to risk information.",2017,2017,"Addis Ababa and Dire Dawa",households,dataset / survey documentation,Documented,Medium,Context only,"The available documentation does not provide complete Dire Dawa-specific operational monitoring data or warning thresholds.",World Bank blog post: linked dataset discussion,"Paraphrase: the dataset supports analysis of urban flood risk, poverty, and household coping capacity."
F002,DD005,Risk monitoring and hazard information,hazard modelling,"A Dire Dawa study modelled flood hazard using the SCS-CN method as a basis for local flood-risk analysis.",2017,2017,"Dire Dawa city",technical forecasting system,model,Partial,Medium,needs validation,"A model or proposed approach does not demonstrate that a functioning monitoring system is operating today.",Abstract (p. ix); Chapter 5 (pp. 50-51),"Paraphrase: the thesis developed a flood-hazard forecasting and early-warning system using SCS-CN methodology."
F003,DD016,Risk monitoring and hazard information,exposure mapping,"Publicly usable, location-specific flood vulnerability or GIS exposure mapping for Dire Dawa was not identified in the inventory.",Various,Various,"Dire Dawa city and flood-prone zones",planning and risk-information system,secondary evidence review,Evidence gap,Low,needs validation,"Potential maps may exist but were not identified as accessible, current, and suitable for this audit.",Not applicable,"Paraphrase: exposure mapping is needed to identify flood-prone areas and vulnerable populations."
F004,DD005,Forecasting and warning generation,forecast model,"The SCS-CN-based study provides technical evidence for a local flood forecasting and early-warning approach.",2017,2017,"Dire Dawa city",forecasting model,thesis,Partial,Medium,needs validation,"Technical model evidence does not establish forecast accuracy, trigger governance, or operational public warning performance.",Abstract (p. ix); Chapter 5 (pp. 50-51); Chapter 6 (p. 52),"Paraphrase: a flood-hazard forecasting and early-warning system was developed for Dire Dawa."
F005,DD002,Forecasting and warning generation,city warning capacity,"A city diagnostic reported that early-warning capacity needed strengthening and that warnings could reach residents too late for them to reach safety.",2016-2019,2019,"Dire Dawa city",city-level warning system,official report,Documented,High,Immediate,"The diagnostic does not provide a current end-to-end performance audit.",pp. 39-40; Table 2.4,"Paraphrase: city-level early-warning capacity required strengthening and warning lead time could be insufficient."
F006,DD010,Forecasting and warning generation,rainfall monitoring,"Current public rainfall-monitoring records, hazard triggers, and warning-generation logs for Dire Dawa were not identified.",Various,Various,"Dire Dawa and regional monitoring domain",meteorological and warning institutions,administrative monitoring review,Evidence gap,Low,needs validation,"Institutional records may exist but were not available in the public evidence base.",Not applicable,"Paraphrase: monitoring records are needed to assess rainfall trends, warnings, and local hazard triggers."
F007,DD001,Warning dissemination,sirens and public address,"A community-managed warning program used sirens and megaphones among its warning channels.",2010-2018,2010,"Dire Dawa; upstream and downstream communities",community warning system,case study,Historical,High,needs validation,"The case study documents a past program and cannot verify current operation or citywide coverage.",p. 4,"Paraphrase: mobile phones complemented sirens and hand-held megaphones already in use."
F008,DD001,Warning dissemination,mobile communication,"The community-managed warning program used mobile phones to communicate flood information.",2010-2018,2010,"Dire Dawa; upstream and downstream communities",community warning system,case study,Historical,High,needs validation,"The evidence is historical and does not establish current access, reliability, or coverage.",p. 4,"Paraphrase: mobile phone technology was adopted for rapid information dissemination."
F009,DD001,Warning dissemination,local information centres,"Community information centres and local indicators formed part of the documented warning arrangement.",2010-2018,2010,"Dire Dawa; upstream and downstream communities",community committees and information centres,case study,Historical,Medium,needs validation,"The source does not establish whether these arrangements remain active or adequately maintained.",pp. 2-4,"Paraphrase: locally appropriate communication strategies and community knowledge supported flood response."
F010,DD004,Warning dissemination,warning channels,"A qualitative study documented warning channels and mitigation measures in Kebeles 05 and 06.",2015,2018,"Kebeles 05 and 06",community preparedness arrangements,qualitative study,Partial,Medium,needs validation,"The finding is geographically limited and does not establish current citywide dissemination performance.",Abstract; Methods; Results; Discussion,"Paraphrase: warning channels and mitigation measures were reported in the studied kebeles."
F011,DD013,Warning dissemination,media communication,"Local media may provide event timing and public communication information, but no verified event-level media evidence was collected in this inventory.",Various,Various,"Dire Dawa city",public communication system,news reporting review,Evidence gap,Low,needs validation,"Media reports are supplementary and cannot independently verify operational warning performance.",Not applicable,"Paraphrase: media coverage may help triangulate warning and response timing."
F012,DD001,"Warning receipt, understanding, and accessibility",community receipt of warnings,"The documented community system used multiple channels that could support receipt of warnings by local residents.",2010-2018,2010,"Dire Dawa; upstream and downstream communities",households and community members,case study,Historical,Medium,needs validation,"The source does not measure who received warnings, understood them, or could access them in current conditions.",p. 4,"Paraphrase: sirens, megaphones, mobile phones, and information centres were used to communicate warnings."
F013,DD003,"Warning receipt, understanding, and accessibility",cues to action,"Household preparedness was associated with perceived threat, perceived benefits and barriers, and cues to action.",2015,2016,"Dire Dawa city",households,survey,Historical,High,needs validation,"Behavioral evidence is historical and does not directly measure current warning receipt or comprehension.",pp. 341-354,"Paraphrase: perceived threat, benefits, barriers, and cues to action were associated with preparedness behavior."
F014,DD017,"Warning receipt, understanding, and accessibility",trust and communication preferences,"Current community evidence on trust, communication preferences, and accessibility barriers was not identified in the public inventory.",Various,Various,"Specific communities in Dire Dawa",community members,participatory assessment review,Evidence gap,Low,needs validation,"Future evidence should identify language, disability, gender, livelihood, and channel-access barriers where possible.",Not applicable,"Paraphrase: consultations could validate trust in warning channels and communication barriers."
F015,DD002,Protective action and evacuation,warning lead time,"The city diagnostic indicated that warnings could arrive too late for residents to reach safety.",2016-2019,2019,"Dire Dawa city",households and city warning system,official report,Documented,High,Immediate,"This documents a reported diagnostic concern, not a current event-by-event evacuation performance measure.",pp. 39-40; Table 2.4,"Paraphrase: a 2016 Dire Dawa flash-flood assessment recorded 24+ hours of advance warning, while the report also describes siren reliability and communication limitations."
F016,DD004,Protective action and evacuation,evacuation planning,"The qualitative study identified gaps related to evacuation plans in the studied flood-prone kebeles.",2015,2018,"Kebeles 05 and 06",community evacuation arrangements,qualitative study,Partial,Medium,needs validation,"The evidence is old, geographically limited, and does not establish current citywide evacuation capacity.",Abstract; Methods; Results; Discussion,"Paraphrase: evacuation planning gaps were identified in the qualitative assessment."
F017,DD014,Protective action and evacuation,routes and assembly points,"Current public evacuation routes, assembly points, and local emergency planning documents were not identified.",Various,Various,"Dire Dawa city or specific communities",evacuation planning system,planning document review,Evidence gap,Low,needs validation,"Sensitive or restricted information may exist outside the public evidence base.",Not applicable,"Paraphrase: shelter and evacuation documentation is needed to assess route design and site locations."
F018,DD003,Protective action and evacuation,household preparedness,"The household survey found relationships between preparedness behavior and perceived threat, benefits, barriers, and cues to action.",2015,2016,"Dire Dawa city",households,survey,Historical,High,needs validation,"The survey does not measure actual evacuation during a specific flood event or current household readiness.",pp. 341-354,"Paraphrase: preparedness behavior was associated with perceived threat, perceived benefits and barriers, and cues to action."
F019,DD004,"Shelter, emergency health, and service continuity",emergency health support,"The qualitative study identified gaps in emergency health links and first-aid support.",2015,2018,"Kebeles 05 and 06",emergency health and first-aid arrangements,qualitative study,Partial,Medium,needs validation,"The finding is a local historical baseline and does not verify current health-service continuity.",Abstract; Methods; Results; Discussion,"Paraphrase: emergency health links and first-aid support were identified as preparedness gaps."
F020,DD004,"Shelter, emergency health, and service continuity",temporary shelter,"The qualitative study identified gaps related to temporary shelters.",2015,2018,"Kebeles 05 and 06",temporary shelter arrangements,qualitative study,Partial,Medium,needs validation,"The evidence is limited to the study area and historical period.",Abstract; Methods; Results; Discussion,"Paraphrase: temporary shelter arrangements were identified as a preparedness gap."
F021,DD015,"Shelter, emergency health, and service continuity",health and service records,"Public flood-linked first-aid, referral, and emergency health records for Dire Dawa were not identified.",Various,Various,"Dire Dawa city and flood-affected areas",health and emergency support system,administrative record review,Evidence gap,Low,needs validation,"Health records may be restricted and cannot be interpreted without appropriate coverage and privacy safeguards.",Not applicable,"Paraphrase: records could show referral patterns, first-aid inputs, and healthcare response."
F022,DD014,"Shelter, emergency health, and service continuity",shelter capacity,"Current public evidence on shelter locations, capacity, accessibility, and service continuity was not identified.",Various,Various,"Dire Dawa city or specific communities",shelter and essential services,planning document review,Evidence gap,Low,needs validation,"Locations and capacity may be sensitive or unavailable; no absence claim is made.",Not applicable,"Paraphrase: shelter and evacuation documentation is needed for operational readiness assessment."
F023,DD006,"Recovery, livelihoods, and learning",household coping capacity,"Urban household data provides evidence relevant to poverty, housing conditions, flood exposure, and coping capacity.",2017,2017,"Addis Ababa and Dire Dawa",households,dataset / survey documentation,Documented,Medium,Context only,"The documentation does not provide complete current Dire Dawa recovery outcomes or livelihood trajectories.",World Bank blog post: linked dataset discussion,"Paraphrase: the dataset supports analysis of flood exposure, poverty, housing, and coping capacity."
F024,DD018,"Recovery, livelihoods, and learning",post-disaster recovery evidence,"Current public post-disaster damage, recovery, shelter-need, and learning assessments for Dire Dawa were not identified.",Various,Various,"Dire Dawa city and affected communities",recovery and resilience system,assessment report review,Evidence gap,Low,needs validation,"Event-level records may exist but were not identified as accessible and usable public evidence.",Not applicable,"Paraphrase: recovery assessments could document impacts, shelter needs, and recovery support demands."
F025,DD011,"Recovery, livelihoods, and learning",response and recovery records,"Public local disaster-office records documenting flood response, recovery actions, and lessons learned were not identified.",Various,Various,"Dire Dawa city",local disaster management system,administrative report review,Evidence gap,Low,needs validation,"Without official records, current institutional performance and learning cannot be verified.",Not applicable,"Paraphrase: official response records could document warning activation, coordination, agency actions, and recovery."
F026,DD019,"Recovery, livelihoods, and learning",lessons and inter-agency learning,"Public inter-agency coordination notes or post-event learning records for flood events were not identified.",Various,Various,"Dire Dawa city",inter-agency coordination system,coordination review,Evidence gap,Low,needs validation,"Coordination records are often sensitive and may require institutional access.",Not applicable,"Paraphrase: coordination documents could show responsibilities and communication pathways before and during floods."
