source_id,full_citation,publisher,source_type,publication_year,data_period,url_or_doi,geographic_scope,preparedness_domain,method,key_finding,page_or_section,recency_score,geographic_score,method_score,access_score,actionability_score,limitations,republication_status,included,evidence_classification,reason_for_decision
DD001,"Red Cross and Partners for Resilience, Ethiopia case study on community-managed early warning in Dire Dawa",Climate Centre / Red Cross / Partners for Resilience,case study,2010,2010-2018,http://www.climatecentre.org/downloads/modules/casestudies/RCCC_CS_ETH10%20v1.pdf,"Dire Dawa; upstream and downstream communities",warning,case study,"Community-managed warning systems included sirens, megaphones, mobile phones, local indicators, and community information centres.",Not specified,3,5,3,5,3,"Historical/program evidence; not proof of current operational status at city scale.",open,Yes,Direct local evidence,"Directly relevant, public, and useful for documenting local warning practice in Dire Dawa."
DD002,"World Bank city resilience / city diagnostic material for Dire Dawa","World Bank",official report,2019,2016-2019,https://openknowledge.worldbank.org/server/api/core/bitstreams/756f4011-5dab-508a-8b79-94418ad2e673/content,"Dire Dawa city",warning; preparedness,city diagnostic,"City-level early warning capacity needed strengthening and warnings could arrive too late for residents to reach safety.",Not specified,4,5,4,5,4,"The report is a diagnostic and does not provide a full operational verification of current warning performance.",open,Yes,Direct local evidence,"Directly relevant to city-level warning capacity and enables comparison between planned arrangements and actual performance."
DD003,"Ejeta, L. T., Ardalan, A., Paton, D., & Yaseri, M. (2016). Predictors of community preparedness for flood in Dire-Dawa town, Eastern Ethiopia: Applying adapted version of Health Belief Model","International Journal of Disaster Risk Reduction",peer-reviewed article,2016,2015,https://doi.org/10.1016/j.ijdrr.2016.09.005,"Dire Dawa city",preparedness; risk communication,survey,"Household preparedness was associated with perceived threat, perceived benefits and barriers, and cues to action.",pp. 341-354,3,5,5,5,3,"Behavioral evidence does not directly measure operational warning performance or citywide system readiness.",open,Yes,Direct local evidence,"Highly relevant to local preparedness behavior and risk communication barriers in Dire Dawa."
DD004,"Ejeta, L. T. (2018). Community's Emergency Preparedness for Flood Hazards in Dire-dawa Town, Ethiopia: A Qualitative Study","PLOS Currents Disasters",peer-reviewed article,2018,2015,https://doi.org/10.1371/currents.dis.3843ad9fc823c8c853970148b350750c,"Kebeles 05 and 06",warning; evacuation; shelter; health,qualitative study,"Warning channels and mitigation measures were documented, but gaps were identified in emergency health links, first-aid support, evacuation plans, and temporary shelters.",Abstract; Methods; Results; Discussion,3,3,4,5,3,"Local qualitative baseline; cannot establish current citywide conditions without updated validation.",open,Yes,Direct local evidence,"Directly relevant local evidence on preparedness gaps in specific flood-prone kebeles."
DD005,"Abebe, M. G. (2017). Developing flood hazard forecasting and early warning system in Dire Dawa, Ethiopia","Addis Ababa University",MSc thesis,2017,"2005-2015; 2006 flood event",https://etd.aau.edu.et/items/6bfbb05a-08f1-4bec-a17c-f2ce4cb55919,"Dire Dawa city",warning; forecasting,modeling,"The thesis developed a flood-hazard forecasting and early-warning system using the SCS-CN method.",Abstract (p. ix); Chapter 5 (pp. 50-51); Chapter 6 (p. 52),4,5,4,5,2,"Technical model evidence is not the same as operational public warning performance.",open,Yes,Direct local evidence,"Important technical evidence on forecasting capacity and local flood-risk modeling."
DD006,"World Bank. (2017). Disaster poverty household survey documentation for urban Ethiopia and Dire Dawa","World Bank",dataset / survey documentation,2017,2017,https://blogs.worldbank.org/en/opendata/three-things-we-learned-about-poverty-and-flood-risk-urban-household-data,"Addis Ababa and Dire Dawa",vulnerability; recovery,household survey,"The dataset provides urban household-level evidence relevant to flood exposure, poverty, housing conditions, and coping capacity.",World Bank blog post: linked dataset discussion,3,4,4,2,3,"Restricted microdata cannot be redistributed; aggregate output only. Not direct evidence on warning performance.",restricted,Yes,Direct local evidence,"Relevant to vulnerability and coping but only within the access and redistribution terms of the data source."
DD007,"Dire Dawa disaster risk management or municipal contingency planning documents","Local government / municipal authorities",official plan,Various,Various,Not yet collected,"Dire Dawa city and administration",preparedness; warning; evacuation,administrative report,"Official local planning documents may specify warning roles, contingency arrangements, and agency responsibilities.",Not specified,0,0,0,0,0,"Official documents may not be publicly available or may require direct institutional access.",unknown,No,Missing / needs verification,"Not yet identified and not currently available in the public evidence base; needed for validation of official local arrangements."
DD008,"Ethiopian national disaster risk management and contingency frameworks relevant to urban flood risk","Government of Ethiopia / national policy documents",official policy,Various,Various,Not yet collected,"National; with local relevance to Dire Dawa",warning; policy; preparedness,policy review,"National frameworks may define institutional roles, risk reduction priorities, and emergency coordination structures.",Not specified,0,0,0,0,0,"Not yet collected; may not contain direct local implementation detail for Dire Dawa.",unknown,No,Contextual evidence,"Relevant to governance but not a direct Dire Dawa flood evidence source; requires collection and review."
DD009,"Dire Dawa flood-related local NGO or humanitarian project reports","NGO or humanitarian agencies",project report,Various,Various,Not yet collected,"Dire Dawa city and communities",warning; community preparedness; recovery,project monitoring,"NGO reports may describe community warning practices, preparedness activities, and support arrangements in specific localities.",Not specified,0,0,0,0,0,"Publicly available documents may be sparse or project-specific and may not reflect current conditions.",unknown,No,Missing / needs verification,"Potentially relevant but not yet identified in the public evidence base."
DD010,"Local meteorological and rainfall monitoring records for Dire Dawa","Ethiopian Meteorological Institute / official monitoring system",official monitoring record,Various,Various,Not yet collected,"Dire Dawa and regional monitoring domain",risk monitoring; forecasting,administrative monitoring,"Monitoring records may show rainfall trends, warnings, and local hazard triggers relevant to flood risk.",Not specified,0,0,0,0,0,"Access and institutional restrictions may limit public availability.",unknown,No,Missing / needs verification,"Critical operational evidence missing from the public inventory; needed for credible warning-generation analysis."
DD011,"Dire Dawa local disaster office annual reports or response records","Local disaster management office",official report,Various,Various,Not yet collected,"Dire Dawa city",warning; emergency response; recovery,administrative report,"Official response records may document flood events, warning activation, response coordination, and agency actions.",Not specified,0,0,0,0,0,"May not be publicly accessible and may require institutional acquisition.",unknown,No,Missing / needs verification,"Essential for confirming institutional response and warning operations, but not currently available."
DD012,"Municipal drainage, urban planning, and infrastructure documents with flood-reduction relevance","City administration / urban planning agencies",official report,Various,Various,Not yet collected,"Dire Dawa city",risk reduction; drainage; infrastructure,planning document,"Infrastructure planning may indicate drainage investments, flood barriers, and urban risk-reduction measures.",Not specified,0,0,0,0,0,"Could be partial or not public; may not directly discuss warning systems.",unknown,No,Contextual evidence,"Relevant for context, but not yet identified in the public evidence inventory."
DD013,"Local media reports covering Dire Dawa flood events and response","News outlet",news article,Various,Various,Not yet collected,"Dire Dawa city",warning; response; public communication,news reporting,"Media reports may provide timing details and public communication patterns around flood events.",Not specified,2,3,2,5,2,"Media articles are often incomplete, not systematically verifiable, and may not reflect official records.",open,No,Contextual evidence,"Useful only as triangulation, not as primary evidence for operational conclusions."
DD014,"Dire Dawa shelter and evacuation mapping or local emergency planning documents","Municipal planning / emergency services",official planning document,Various,Various,Not yet collected,"Dire Dawa city or specific communities",evacuation; shelter,planning document,"Shelter and evacuation documentation may show route design, emergency coordination, and site locations.",Not specified,0,0,0,0,0,"Sensitive location information may be restricted or inaccessible; may be outdated.",unknown,No,Missing / needs verification,"Not yet collected; essential operational data required for actual local readiness assessment."
DD015,"First-aid and emergency health records linked to flood events","Health office / hospital administration",administrative record,Various,Various,Not yet collected,"Dire Dawa city / flood-affected areas",health; emergency support,administrative record,"Records may show referral patterns, first-aid inputs, and healthcare response during flood events.",Not specified,0,0,0,0,0,"Likely limited public access and not representative without system-level review.",unknown,No,Missing / needs verification,"Important but missing; necessary to assess post-warning health support and service continuity."
DD016,"Flood vulnerability mapping or GIS-based exposure analyses for Dire Dawa","Academic or local planning agency",technical assessment,Various,Various,Not yet collected,"Dire Dawa city and flood-prone zones",risk mapping; vulnerability,spatial analysis,"Exposure maps may identify flood-prone neighborhoods and vulnerable populations.",Not specified,0,0,0,0,0,"May not be public and may not include operational warning information.",unknown,No,Contextual evidence,"Useful for risk framing but not sufficient for operational early-warning conclusions."
DD017,"Community consultations on flood risk perception and communication preferences","NGO / academic / community assessment",participatory study,Various,Various,Not yet collected,"Specific communities in Dire Dawa",risk communication; preparedness,participatory assessment,"Local consultations may capture community knowledge, trust in warning channels, and communication barriers.",Not specified,0,0,0,0,0,"May be available only through NGOs or local institutions and require direct access.",unknown,No,Missing / needs verification,"Useful for validating communication and trust issues, but not yet available in the public record."
DD018,"Post-disaster recovery and damage assessments in Dire Dawa","Government / humanitarian agencies",assessment report,Various,Various,Not yet collected,"Dire Dawa city / affected communities",recovery; damage,assessment report,"Post-event assessments may document impacts, shelter needs, and recovery support demands.",Not specified,0,0,0,0,0,"Recovery records may exist but may not be public or may be incomplete without event-level detail.",unknown,No,Missing / needs verification,"Important for recovery and resilience analysis but not yet identified as a current public source."
DD019,"Inter-agency coordination notes or emergency response plans for flood events","Local government / coordination bodies",coordination document,Various,Various,Not yet collected,"Dire Dawa city",warning; emergency coordination,coordination review,"Agency coordination documents may show decision-making, responsibilities, and communication pathways before and during floods.",Not specified,0,0,0,0,0,"Sensitive and often not public; may be difficult to obtain.",unknown,No,Missing / needs verification,"Needed for operational understanding of institutional warning and response pathways."
DD020,"Local school and community awareness materials on flood risk and preparedness","Schools / authorities / NGOs",awareness material,Various,Various,Not yet collected,"Dire Dawa city or communities",risk communication; preparedness,awareness material,"Awareness materials may document community education and risk communication strategies.",Not specified,0,0,0,0,0,"May be highly local and not systematically archived.",unknown,No,Contextual evidence,"Useful for understanding public communication but insufficient alone for operational evaluation."
DD021,"The World Bank’s climate and disaster-risk database relevant to Dire Dawa","World Bank / climate risk database",database / public documentation,Various,Various,Not yet collected,"Dire Dawa / regional climate context",risk monitoring; vulnerability,database review,"Public climate or disaster-risk data may help situate a city-level hazard context and exposure conditions.",Not specified,0,0,0,0,0,"Public access may be partial and not always city-specific.",unknown,No,Contextual evidence,"May provide useful contextual evidence but needs verification of direct relevance and legal access."
DD022,"Peer-reviewed urban flood vulnerability or hazard studies for Ethiopian cities and Dire Dawa","Academic journals",peer-reviewed article,Various,Various,Not yet collected,"Dire Dawa and comparative Ethiopian urban contexts",vulnerability; flood risk,systematic review or comparative study,"Comparative studies can contextualize Dire Dawa within broader Ethiopian flood vulnerability patterns.",Not specified,0,0,0,0,0,"Potential overlap with direct Dire Dawa evidence; may not be specific enough for inclusion.",unknown,No,Contextual evidence,"Potentially relevant comparative evidence, but only if clearly linked to Dire Dawa or the local context."
DD023,"Local flood response training or preparedness briefings","City administration / NGOs / donors",training document,Various,Various,Not yet collected,"Dire Dawa city or communities",preparedness; capacity building,training review,"Training materials may reflect planned response capacity and awareness campaigns.",Not specified,0,0,0,0,0,"Often not public and may not document actual performance.",unknown,No,Contextual evidence,"Useful background but not sufficient alone to validate operational capacity."
DD024,"Ethiopian Red Cross or humanitarian readiness assessments for Dire Dawa","Red Cross / humanitarian agencies",assessment report,Various,Various,Not yet collected,"Dire Dawa city or areas of operation",preparedness; response,assessment review,"Readiness assessments may describe staffing, risk communication, and emergency support capacity.",Not specified,0,0,0,0,0,"May be held by agencies and not publicly accessible.",unknown,No,Missing / needs verification,"Potentially relevant but not yet identified as open public evidence."
DD025,"General flood-risk or climate adaptation reports mentioning Dire Dawa only briefly","General policy / academic review",review report,Various,Various,Not yet collected,"Dire Dawa mentioned as part of broader urban context",general risk context,review document,"These may mention Dire Dawa but do not provide direct operational evidence.",Not specified,0,0,0,0,0,"General references are too weak for primary inclusion without direct findings.",unknown,No,Excluded source,"Excluded unless they add direct methodological or local evidence."
